{"cameraMode":{"drawMode":0,"name":"Shaded","section":"Shading Mode"},"sceneLighting":true,"audioPlay":false,"sceneViewState":{"showFog":false,"showMaterialUpdate":false,"showSkybox":false,"showFlares":false,"showImageEffects":false,"showParticleSystems":false},"in2DMode":false,"pivot":{"x":0.4827224910259247,"y":0.2748163938522339,"z":1.7063826322555543},"rotation":{"x":-0.4895536005496979,"y":-0.4795657992362976,"z":0.3766244053840637,"w":-0.623405396938324},"size":5.209774017333984,"orthographic":false}