{"cameraMode":{"drawMode":0,"name":"Shaded","section":"Shading Mode"},"sceneLighting":true,"audioPlay":false,"sceneViewState":{"showFog":false,"showMaterialUpdate":false,"showSkybox":true,"showFlares":false,"showImageEffects":false,"showParticleSystems":false},"in2DMode":false,"pivot":{"x":1.511562705039978,"y":-1.7969918251037598,"z":-0.25019025802612307},"rotation":{"x":0.030743783339858056,"y":0.9460175037384033,"z":-0.3085833787918091,"w":0.09425051510334015},"size":3.486827850341797,"orthographic":false}