{"cameraMode":{"drawMode":0,"name":"Shaded","section":"Shading Mode"},"sceneLighting":true,"audioPlay":false,"sceneViewState":{"showFog":false,"showMaterialUpdate":false,"showSkybox":false,"showFlares":false,"showImageEffects":false,"showParticleSystems":false},"in2DMode":false,"pivot":{"x":0.2479163259267807,"y":0.5800714492797852,"z":2.248239040374756},"rotation":{"x":0.0059663718566298489,"y":0.9935449361801148,"z":-0.0953928604722023,"w":0.06214846298098564},"size":0.25018125772476199,"orthographic":false}